{"inhs_p(n2)": {"target_mean": 2.9671671390533447, "target_std": 1.217242956161499, "target_median_pred_std": 3.362736701965332}, "inhs_p(he)": {"target_mean": 4.4121317863464355, "target_std": 1.0378470420837402, "target_median_pred_std": 4.710097312927246}, "inhs_p(h2)": {"target_mean": 4.908982276916504, "target_std": 1.1143673658370972, "target_median_pred_std": 5.293684959411621}, "inhs_p(o2)": {"target_mean": 3.8652772903442383, "target_std": 1.2529109716415405, "target_median_pred_std": 4.2849249839782715}, "inhs_p(ch4)": {"target_mean": 3.816196918487549, "target_std": 1.346588373184204, "target_median_pred_std": 4.2538743019104}, "inhs_p(co2)": {"target_mean": 5.887355327606201, "target_std": 1.2033778429031372, "target_median_pred_std": 6.267579555511475}}