{"inhs_p(n2)": {"target_mean": 2.9671671390533447, "target_std": 1.217242956161499, "target_median_pred_std": 3.3776464462280273, "target_min_pred_std": 3.211287260055542, "target_max_pred_std": 3.5008444786071777, "target_q90_pred_std": 3.4292917251586914}, "inhs_p(he)": {"target_mean": 4.4121317863464355, "target_std": 1.0378470420837402, "target_median_pred_std": 4.752846717834473, "target_min_pred_std": 4.654586315155029, "target_max_pred_std": 4.878331661224365, "target_q90_pred_std": 4.834551811218262}, "inhs_p(h2)": {"target_mean": 4.908982276916504, "target_std": 1.1143673658370972, "target_median_pred_std": 5.266753196716309, "target_min_pred_std": 5.188635349273682, "target_max_pred_std": 5.396904945373535, "target_q90_pred_std": 5.359642505645752}, "inhs_p(o2)": {"target_mean": 3.8652772903442383, "target_std": 1.2529109716415405, "target_median_pred_std": 4.265746593475342, "target_min_pred_std": 4.126145839691162, "target_max_pred_std": 4.38129997253418, "target_q90_pred_std": 4.302969455718994}, "inhs_p(ch4)": {"target_mean": 3.816196918487549, "target_std": 1.346588373184204, "target_median_pred_std": 4.208906173706055, "target_min_pred_std": 4.113096237182617, "target_max_pred_std": 4.390625953674316, "target_q90_pred_std": 4.289895057678223}, "inhs_p(co2)": {"target_mean": 5.887355327606201, "target_std": 1.2033778429031372, "target_median_pred_std": 6.28449010848999, "target_min_pred_std": 6.183613300323486, "target_max_pred_std": 6.4499831199646, "target_q90_pred_std": 6.39194393157959}}