{"inhs_p(n2)": {"target_mean": 3.0121171474456787, "target_std": 1.2137492995126342, "target_min_pred_std": 3.28690505027771}, "inhs_p(he)": {"target_mean": 4.4270524978637695, "target_std": 1.0292357306344604, "target_min_pred_std": 4.657137393951416}, "inhs_p(h2)": {"target_mean": 4.925616264343262, "target_std": 1.1054927210671996, "target_min_pred_std": 5.226982116699219}, "inhs_p(o2)": {"target_mean": 3.882654905319214, "target_std": 1.2426508765084838, "target_min_pred_std": 4.1771769523620605}, "inhs_p(ch4)": {"target_mean": 3.859915256500244, "target_std": 1.335618267522583, "target_min_pred_std": 4.194998741149902}, "inhs_p(c2h6)": {"target_mean": 4.68664026260376, "target_std": 1.446708093152771, "target_min_pred_std": 5.046186923980713}, "inhs_p(c3h8)": {"target_mean": 6.0926408767700195, "target_std": 0.8261162738664246, "target_min_pred_std": 6.26093864440918}, "inhs_p(c4h10)": {"target_mean": 6.725040435791016, "target_std": 1.5738440852029418, "target_min_pred_std": 7.1064677238464355}}