{"inhs_p(n2)": {"target_mean": 2.9671671390533447, "target_std": 1.217242956161499, "target_median_pred_std": 3.3784992694854736, "target_min_pred_std": 3.2269320487976074}, "inhs_p(he)": {"target_mean": 4.4121317863464355, "target_std": 1.0378470420837402, "target_median_pred_std": 4.720371246337891, "target_min_pred_std": 4.638603210449219}, "inhs_p(h2)": {"target_mean": 4.908982276916504, "target_std": 1.1143673658370972, "target_median_pred_std": 5.2454986572265625, "target_min_pred_std": 5.164167404174805}, "inhs_p(o2)": {"target_mean": 3.8652772903442383, "target_std": 1.2529109716415405, "target_median_pred_std": 4.240067005157471, "target_min_pred_std": 4.108938694000244}, "inhs_p(ch4)": {"target_mean": 3.816196918487549, "target_std": 1.346588373184204, "target_median_pred_std": 4.249855041503906, "target_min_pred_std": 4.119822978973389}, "inhs_p(co2)": {"target_mean": 5.887355327606201, "target_std": 1.2033778429031372, "target_median_pred_std": 6.2932562828063965, "target_min_pred_std": 6.220524787902832}}