{"inhs_p(n2)": {"target_mean": 2.9671671390533447, "target_std": 1.217242956161499, "target_median_pred_std": 3.3516793251037598, "target_min_pred_std": 3.2369437217712402, "target_max_pred_std": 3.5152618885040283}, "inhs_p(he)": {"target_mean": 4.4121317863464355, "target_std": 1.0378470420837402, "target_median_pred_std": 4.736026287078857, "target_min_pred_std": 4.647819995880127, "target_max_pred_std": 4.861443519592285}, "inhs_p(h2)": {"target_mean": 4.908982276916504, "target_std": 1.1143673658370972, "target_median_pred_std": 5.239867210388184, "target_min_pred_std": 5.2059197425842285, "target_max_pred_std": 5.3998847007751465}, "inhs_p(o2)": {"target_mean": 3.8652772903442383, "target_std": 1.2529109716415405, "target_median_pred_std": 4.255263328552246, "target_min_pred_std": 4.1473259925842285, "target_max_pred_std": 4.356074810028076}, "inhs_p(ch4)": {"target_mean": 3.816196918487549, "target_std": 1.346588373184204, "target_median_pred_std": 4.224164962768555, "target_min_pred_std": 4.120385646820068, "target_max_pred_std": 4.371827125549316}, "inhs_p(co2)": {"target_mean": 5.887355327606201, "target_std": 1.2033778429031372, "target_median_pred_std": 6.2844085693359375, "target_min_pred_std": 6.203298091888428, "target_max_pred_std": 6.42101526260376}}